it_id	italian	nl_id	dutch
373957	Sono libero.	879243	Ik ben vrij.
1196287	Lasciate ogni speranza, voi che entrate!	3209879	Laat varen alle hoop, gij die hier binnentreedt!
4536830	Ha una camicia nera.	8433488	Hij heeft een zwart overhemd.
6284824	Amo tradurre.	8101404	Ik hou van vertalen.
4359558	Vuole danzare.	818235	Zij wil dansen.
979949	È ritornata la pace dopo tre anni di guerra.	720398	De vrede kwam terug na drie jaar oorlog.
2401343	Voglio essere tua amica.	3798094	Ik wil je vriendin zijn.
624876	Sei solo?	690897	Zijt ge alleen?
4623274	Va al lavoro a piedi.	4624594	Zij loopt naar het werk.
1653319	Sono ancora giovani.	8443241	Ze zijn nog jong.
2925390	È attraente.	4395490	Ze is aantrekkelijk.
6470140	Vengo dall'Africa del Nord.	7451007	Ik kom uit Noord-Afrika.
3814540	Hai visitato la Torre di Londra?	847764	Heb je de Tower of London bezocht?
4153787	Vogliamo diventare famose.	4154589	Wij willen beroemd worden.
2758405	Sembri pallido oggi.	797481	Ge ziet er bleek uit vandaag.
11817094	Scrivete il vostro nome.	9711970	Schrijf uw naam.
1548534	Ho la diarrea.	3005406	Ik heb diarree.
3814314	Nuotavamo.	7680695	We zwommen.
2527263	È buona.	6827023	Zij is goed.
3251644	Lascia in pace Tom.	3039369	Laat Tom met rust.
2191307	Sono meravigliose.	3167814	Ze zijn prachtig.
5328516	Sei il mio vicino.	8437969	Je bent mijn buurman.
4781667	Siete studenti?	7263425	Zijn jullie studenten?
999156	Vuole mangiare qualcosa?	847730	Wil je iets eten?
4694370	Eravamo tutti così affamati.	8207166	We hadden allemaal zo’n honger.
946144	Studiamo l'inglese.	8580679	Laten we Engels studeren.
621123	Ho perso il mio orologio.	790763	Ik ben mijn horloge kwijt.
2697180	Lasci questo paese.	7481105	Verlaat dit land.
3554743	Preferisco fare una doccia di mattina.	4570194	Ik douch liever 's morgens.
5330935	Vengo dagli Stati Uniti.	7368470	Ik ben uit de Verenigde Staten.
4067945	Fai strada.	9296739	Wijs de weg.
5921850	Chiama la sicurezza.	9052888	Bel de beveiliging.
3482273	Aiuterà i poveri.	7706624	Hij zal de armen helpen.
5570576	Sono delusa che il mio amico non sia qui.	8316290	Ik ben teleurgesteld dat mijn vriend hier niet is.
4427854	Stiamo ancora aspettando una risposta.	10749000	We wachten nog op antwoord.
4202663	Ha dei piani.	7135487	Ze heeft plannen.
3564199	È il mio fratellastro.	6046670	Hij is mijn halfbroer.
3761802	Parlo solo francese.	7586572	Ik spreek alleen Frans.
4428434	Continua a non capire?	11028803	Begrijpt hij het nog steeds niet?
379135	Parlate inglese?	379476	Spreken jullie Engels?
836299	Puoi darmi un po' di soldi?	997022	Kan je me wat geld geven?
5836928	Stanno parlando in francese.	9637168	Ze spreken Frans.
6546758	Amo le commedie.	847408	Ik hou van komedies.
11842692	Sembravano davvero felici.	7682348	Ze zagen er echt gelukkig uit.
1988377	Ha ancora molto da imparare.	9855372	Hij heeft nog veel te leren.
2181304	Sono brasiliano.	8656828	Ik ben Braziliaan.
638388	Sono malata.	448708	Ik ben ziek.
5104083	Sono una principiante.	7044880	Ik ben een beginner.
1193495	Sei un cane.	7484288	Jij bent een hond.
6709598	Penso che Tom non l'abbia fatto con Mary.	11195740	Ik denk dat Tom dat niet met Maria gedaan heeft.
402523	Sono costipato.	8537989	Ik heb verstopping.
4569460	Dorma bene!	466363	Slaap wel.
4939434	Ho la soluzione.	9444654	Ik heb de oplossing.
5481361	Parlate più piano, per favore.	481102	Spreekt u alstublieft langzamer.
4414203	Ho due figli.	3547086	Ik heb twee zonen.
3296672	Siete creativi.	8502941	Jullie zijn creatief.
2555772	Copia questo file.	11217543	Kopieer dit bestand.
957900	È biologo.	391621	Hij is bioloog.
723172	Ero in ritardo per la scuola.	378006	Ik was te laat op school.
2487455	Sono tuo fratello.	7499811	Ik ben jouw broer.
8503605	È molto grasso.	9685528	Hij is erg dik.
1254354	Ha un violino?	9247118	Heeft u een viool?
387348	Hai un dono per la musica.	726536	Je bent muzikaal begaafd.
1308705	Abitiamo vicino alla frontiera.	1308697	We wonen in de buurt van de grens.
706821	Sono stato nel treno per dodici ore.	847609	Ik zat twaalf uur op de trein.
379138	Sei cinese o giapponese?	727900	Ben je Chinees of Japans?
381888	Fanno troppo rumore, non riesco a concentrarmi.	4275685	Ze maken te veel lawaai. Ik kan me niet concentreren.
766237	Trova equivalenti di frasi multilingui su Tatoeba.org.	764537	Vind meertalige equivalente zinnen op Tatoeba.org.
7033306	Vuoi andare al concerto con me?	8037784	Wil je met mij naar het concert gaan?
1344601	Hai mai cantato in pubblico?	10663278	Heb je ooit in het openbaar gezongen?
3435238	È sicuramente possibile.	4073667	Dat is zeker mogelijk.
1588190	Ha accettato il mio regalo.	9535900	Hij accepteerde mijn cadeau.
4566292	Guarda ancora.	4521600	Kijk nog eens.
4455	È troppo caro!	377762	Dat is te duur!
1157646	Leggi!	1223518	Lees!
1446428	Raccontami una bella storia.	980589	Vertel mij een mooi verhaal.
637635	Andiamo a casa!	378311	Laten we naar huis gaan!
3139219	È allergico al lattice.	7644012	Hij is allergisch voor latex.
428057	Ho spesso degli incubi.	1402111	Ik heb vaak nare dromen.
1598849	Sono le dieci e venti.	384008	Het is tien voor half elf.
917777	È strano.	9631777	Hij is raar.
4912406	Stavo aspettando il momento giusto.	4559190	Ik wachtte op het juiste moment.
1464074	Dovrei essere a scuola.	1478246	Ik moet eigenlijk op school zijn.
5679343	Mancano tre giorni a Natale.	9525938	Er zijn nog drie dagen tot Kerstmis.
737646	Sono John.	1719764	Ik ben John.
388495	Avete difficoltà a capire quello che dicono le donne o i bambini piccoli?	409622	Heeft u moeite te verstaan wat vrouwen of kleine kinderen tegen u zeggen?
2703683	Parli in italiano?	384954	Spreekt u Italiaans?
5930543	Potete aggiornare il nostro software?	7811519	Kunnen jullie onze software updaten?
511275	Fidati di me, disse.	4274417	Vertrouw me, zei hij.
3334089	È troppo tardi?	8167524	Is het te laat?
10485901	Odio il sapore dello zenzero.	10727578	Ik haat de smaak van gember.
1687518	È la ragazza dei miei sogni.	3778732	Ze is het meisje van mijn dromen.
8495535	Ha l'artrite.	9032083	Hij heeft artritis.
3490904	Amo il venerdì!	3491562	Ik hou van vrijdag!
5536505	Siamo soddisfatti del risultato.	12732354	We zijn blij met het resultaat.
384564	Piove a catinelle!	384557	Het regent pijpenstelen.
8922031	È immune.	9033724	Hij is immuun.
1827923	Abitiamo al sesto piano.	4182292	Wij wonen op de zesde verdieping.
8937048	È andata nella sua camera da letto.	9210194	Ze ging naar haar slaapkamer.
3087317	Sarò felice di rispondere alla sua domanda.	3145673	Ik zal uw vraag graag beantwoorden.
837821	Vorrei fare qualcos'altro oggi.	838117	Ik zou iets anders willen doen vandaag.
8303164	Parla raramente di sé.	8303202	Hij spreekt zelden over zichzelf.
8383161	Guarda la televisione ogni giorno?	3584158	Kijkt hij iedere dag tv?
1763478	Pensa di essere un genio.	2235011	Ze denkt dat ze een genie is.
12748724	Dammi mille baci.	12748878	Geef mij duizend kussen.
409637	È perché la velocità della luce è superiore a quella del suono che alcune persone sembrano brillanti prima di suonare stupide.	409650	Dat sommige mensen er geniaal uitzien voordat ze dom klinken, komt doordat licht zich sneller voortplant dan geluid.
1214830	Abita vicino alla scuola.	423289	Hij woont in de buurt van de school.
999575	Alza un po' il volume della radio.	462354	Zet de radio een beetje harder.
758489	Suggerisco di rimanere a casa e guardare la TV.	823040	Ik stel voor dat we thuisblijven en tv kijken.
340651	È molto romantico!	941675	Dat is heel romantisch!
379531	È felice.	4036603	Zij is gelukkig.
962579	Sono appena tornato da scuola.	384463	Ik ben net terug uit school.
1814954	Sto bene, grazie. E lei?	3125185	Het gaat goed met me, dank u. En met u?
11559259	Sono finito in ospedale ieri sera.	11562016	Ik ben gisteravond in het ziekenhuis beland.
1525099	Riesci a ricordare il suo nome?	1478218	Kun je je zijn naam herinneren?
2443653	Sono passati sei anni da quando ho iniziato a studiare l'inglese.	6049498	Het is zes jaar geleden dat ik begonnen ben Engels te studeren.
7488035	È un villaggio.	11048790	Het is een dorp.
2581727	Ho una macchina blu.	8487042	Ik heb een blauwe auto.
8785338	Incoraggia gli altri.	8917741	Moedig anderen aan.
723351	Sto cercando un assistente.	6606674	Ik zoek een assistent.
1272813	La camera si sta scaldando.	7684722	De kamer is aan het opwarmen.
3338997	Lui si arrabbia facilmente con le cose futili.	9136570	Hij maakt zich gemakkelijk boos over futiliteiten.
380445	Tutti ti vogliono conoscere, sei famoso!	378372	Iedereen wil u ontmoeten, u bent een beroemdheid!
2823666	Tom mi ha chiesto il mio numero di telefono.	3199748	Tom vroeg me mijn telefoonnummer.
3375199	Non ti ho tradita, idiota!	11565705	Ik heb je niet verraden, idioot!
5151434	Tom non mi ha vista.	9061153	Tom heeft me niet gezien.
1828228	Bisogna che io mi lavi i denti.	603657	Ik moet mijn tanden poetsen.
4915697	Io ho fatto tutto quello che mi hai chiesto di fare.	4350150	Ik heb alles gedaan wat je me gevraagd hebt.
5793145	Non mi piace Tom.	8537580	Ik vind Tom niet leuk.
12040531	C'è una donna che vi vuole vedere.	12447951	Er is een vrouw die je wil zien.
2156085	Ed è vero che la tua ragazza giapponese si chiama Tatoeba?	8434524	En klopt het dat je Japanse vriendin Tatoeba heet?
7748980	Loro si vantano!	8848632	Ze schepten op!
2696734	Lui era il tipo di persona di cui ci si poteva fidare.	4240402	Hij was dat soort persoon dat je kunt vertrouwen.
2585079	Non ci vive nessuno in questa casa.	664368	Er woont niemand in dit huis.
2784655	Io mi riferisco alla conversazione telefonica del 12.4.	3763601	Ik verwijs naar ons telefonisch onderhoud van twaalf april.
4998561	Non sapevo che ci fosse uno stagno qui.	3552762	Ik wist niet dat hier een vijver was.
1516905	Non ci sono tovaglie nella stanza quindici.	4653044	Er zijn geen handdoeken in kamer vijftien.
4215414	Noi ti cercheremo un altro avvocato.	6093347	We zullen je een andere advocaat zoeken.
1723515	Lui mi salvò la vita.	2241253	Hij heeft mijn leven gered.
1246308	Sembra che ci conosca.	592260	Hij lijkt ons te kennen.
1389056	Lui si è arrabbiato.	859800	Hij werd kwaad.
827299	Io ti odio.	827307	Ik haat je.
611000	Egli mi ha insultato senza motivo.	816140	Hij heeft mij zonder reden beledigd.
1142783	Volevo chiamarla, però mi sono scordata.	2028244	Ik was van plan haar te bellen, maar ik ben het vergeten.
6920626	Tom mi ha insegnato a sciare.	9685506	Tom leerde me skiën.
8023946	Perché mi devo vestire elegante?	8545789	Waarom moet ik me netjes aankleden?
4710904	Lui si interessa alla musica.	8293797	Hij interesseert zich voor muziek.
7783809	Tom mi diede un impiego.	9520936	Tom gaf me een baan.
3583098	Tom si tolse la camicia.	1483044	Tom trok zijn shirt uit.
7892927	Tom non mi ha aiutato.	9499302	Tom heeft me niet geholpen.
2424330	Mangia la tua zuppa prima che si raffreddi.	4851976	Eet je soep voor zij koud wordt.
4953428	Spero che Tom si ricordi questo.	8437873	Ik hoop dat Tom zich dit herinnert.
484891	Come si chiama questa via?	377775	Hoe heet deze straat?
2512152	Non ti preoccupare del passato.	375858	Maak je geen zorgen over het verleden.
1850479	Io mi chiamo Tom.	4979988	Ik heet Tom.
666747	Di solito mi alzo alle sei.	462201	Ik sta gewoonlijk op om 6 uur.
4975874	Questo mi cambiò la vita.	4927482	Het heeft mijn leven veranderd.
1723512	Lui mi ha salvato la vita.	2241253	Hij heeft mijn leven gered.
2762321	Il bambù si sta piegando con il peso della neve.	743426	De bamboe buigt onder het gewicht van de sneeuw.
5599581	La partita non si è tenuta.	1480383	De wedstrijd vond niet plaats.
3157174	Io non mi fido dei politici.	8442981	Ik vertrouw politici niet.
4373855	Qualcuno qua si fida di Tom?	10891234	Vertrouwt er hier iemand Tom?
1991300	La sorella di George mi ha fatto qualche sandwich.	4208938	De zuster van George heeft me een paar sandwiches gemaakt.
7218821	Tutti mi conoscono.	9520930	Iedereen kent me.
2191483	Loro si stanno baciando.	9275192	Zij zijn aan het zoenen.
3114638	Non mi aspetto nulla da te.	950822	Ik verwacht niets van jou.
929387	È nella disgrazia che si riconoscono gli amici.	422432	In nood leert men zijn vrienden kennen.
3758581	Indovinate cosa mi ha detto.	7814694	Raad eens wat hij me heeft verteld.
3042980	Lui mi conosce?	8175592	Kent hij mij?
1435828	Quale lingua si parla negli Stati Uniti?	1479008	Welke taal spreken ze in de VS?
3553503	Non mi aspetto niente da lei.	5538811	Ik verwacht niets van u.
2368517	Io non mi sbaglio mai.	10943474	Ik heb nooit ongelijk.
2032176	Non mi piace la scienza.	810480	Ik hou niet van wetenschap.
3567103	"Tu mi ami? ""Non lo so."""	5808234	''Houd je van me?'' ''Ik weet het niet.''
2526284	Quando ti sei alzata?	5904895	Wanneer ben je opgestaan?
2809125	Io non posso giocare a questo gioco. Non mi piace.	6066300	Ik kan dit spel niet spelen. Ik hou er niet van.
2975459	Ora lui mi dice la verità.	3301089	Nu vertelt hij mij de waarheid.
4617349	Noi ci amavamo.	8580670	We hielden van elkaar.
2607676	Tom e Mary solitamente si parlano in francese.	3611131	Tom en Maria spreken gewoonlijk Frans met elkaar.
1739584	Io ti posso insegnare come combattere.	2088995	Ik kan je leren vechten.
5775367	Tom mi aiuterà.	8324857	Tom gaat me helpen.
8692015	Non ci sono quasi fiori nel nostro giardino.	12384960	Er staan vrijwel geen bloemen in onze tuin.
2374934	Tom mi aiutò.	7798990	Tom hielp me.
4476	Non mi piace imparare i verbi irregolari.	377849	Ik hou niet van onregelmatige werkwoorden leren.
3883864	"Il Camerun si chiama ""Cameroon"" in inglese."	7462506	"Kameroen wordt ""Cameroon"" genoemd in het Engels."
3883821	"La Turchia si chiama ""Türkiye"" in turco."	7462458	"Turkije wordt ""Türkiye"" genoemd in het Turks."
1949060	La nostra vicina si è rotta una costola.	8775155	Onze buurvrouw heeft een rib gebroken.
3883824	"La Francia si chiama ""France"" in francese."	7462464	"Frankrijk wordt ""France"" genoemd in het Frans."
4477655	Qualcosa mi dice che lei le abbia trovate.	4477663	Iets vertelt mij dat zij hen gevonden heeft.
2680751	Qualcuno mi ha salvato la vita.	8538474	Iemand heeft mijn leven gered.
5820205	Non penso che si possa fare qualcosa.	12611578	Ik denk niet dat er iets gedaan kan worden.
3883931	"Il Lussemburgo si chiama ""Luxemburg"" in tedesco."	7323231	"Luxemburg wordt ""Luxemburg"" in het Duits genoemd."
3884401	"La Serbia si chiama ""Srbija"" in serbo."	7462581	"Servië wordt ""Srbija"" genoemd in het Servisch."
3883837	"La Svizzera si chiama ""Schweiz"" in tedesco."	7462494	"Zwitserland wordt ""Schweiz"" genoemd in het Duits."
410190	Una volta, Zhuangzi sognò di essere una farfalla, ma quando si svegliò, non era sicuro se era Zhuangzi che aveva sognato di essere una farfalla o se era una farfalla che ora stava sognando di essere Zhuangzi.	649996	Eens droomde Zhuangzi dat hij een vlinder was, maar toen hij wakker werd, was hij niet zeker of hij Zhuangzi was die gedroomd had een vlinder te zijn, of dat hij een vlinder was die nu droomde Zhuangzi te zijn.
1002203	Quale colore ti piace di più, il blu o il rosso?	3383658	Van welke kleur hou je het meest? Van blauw of van rood?
3883828	"La Spagna si chiama ""España"" in spagnolo."	7462474	"Spanje wordt ""España"" genoemd in het Spaans."
4721146	L'autobus si ferma qui?	4352540	Stopt de bus hier?
7017038	Tom mi disse che vinse.	9669217	Tom zei me dat hij had gewonnen.
969345	In Giappone ci sono quattro stagioni.	9754356	In Japan zijn er vier seizoenen.
4462565	In autunno si vendemmia.	4462570	In de herfst wordt de wijn geoogst.
6979329	Tom si lava.	11005131	Tom wast zich.
1548583	Mi si sono rotte le acque.	7802178	Mijn vliezen zijn gebroken.
2695268	Salve, mi chiamo Omid.	3390241	Goedendag, mijn naam is Omid.
7749571	Tom, mi sei mancato così tanto!	12201101	Tom, ik heb je zo gemist!
1607445	Mio nonno mi diede un regalo di compleanno.	9535971	Mijn grootvader heeft me een verjaardagscadeautje gegeven.
3883983	"La Corea del Nord si chiama ""Chosŏn"" in coreano."	7462647	"Noord-Korea wordt ""Chosŏn"" genoemd in het Koreaans."
3883826	"Il Belgio si chiama ""België"" in fiammingo."	7462472	"België wordt ""België"" genoemd in het Vlaams."
11311684	Più ti vedo, più ti amo.	11311694	Hoe vaker ik je zie, hoe meer ik van je hou.
5022532	Chi ti ha insegnato il tedesco?	8628642	Wie heeft je Duits geleerd?
375794	Questo mi ha fatto rizzare i capelli.	783439	Dat deed mijn haar recht komen.
11661799	L'alfabeto sloveno si compone di 25 lettere: a, b, c, č, d, e, f, g, h, i, j, k, l, m, n, o, p, r, s, š, t, u, v, z, ž.	11661750	Het Sloveense alfabet bestaat uit 25 letters: a, b, c, č, d, e, f, g, h, i, j, k, l, m, n, o, p, r, s, š, t, u, v, z, ž.
641836	Chi ti ha parlato di me?	9095398	Wie heeft jou over mij verteld?
962588	In altre parole, non mi piace lavorare con lui.	738637	Met andere woorden, ik werk niet graag met hem.
3505216	Non mi cercare.	3523045	Kom me niet zoeken.
6063293	Cosa succede se ci catturano?	6080390	Wat gebeurt er, als we betrapt worden?
3607602	"Il Regno Unito si chiama ""Rìoghachd Aonaichte"" in gaelico scozzese."	7462776	"Het Verenigd Koninkrijk wordt ""Rìoghachd Aonaichte"" genoemd in het Schots-Gaelisch."
566098	"Come si scrive ""Eyjafjallajökull""?"	7303803	"Hoe schrijf je ""Eyjafjallajökull""?"
5151469	Tom non ci ha ancora detto cosa vuole.	12739254	Tom heeft ons nog niet verteld wat hij wil.
3812218	Spero che tu ti rimetta presto.	8216047	Ik hoop dat je vlug beter wordt.
375355	Nessuno mi capisce.	377842	Niemand begrijpt me.
380658	Il signor Kato ci insegna l'inglese.	813655	Meneer Kato leert ons Engels.
426484	Non ci sono molti clienti oggi.	752001	Er zijn niet veel klanten vandaag.
1287836	Mio fratello mi ucciderà.	1485930	Mijn broer zal me vermoorden.
4693	Ah! Se fossi ricco, mi comprerei una casa in Spagna.	439276	O, als ik rijk was, kocht ik een huis in Spanje.
3351861	"L'espressione ""guerra santa"" non ti pare essa stessa ironica?"	7109583	"Vind je de term ""heilige oorlog"" niet ironisch?"
4508	Non mi piace la scuola.	378007	Ik vind school niet leuk.
946692	Non mi ricordo quando e dove ti ho incontrato.	774621	Ik herinner mij niet waar en wanneer ik u ontmoet heb.
3883889	"La Giordania si chiama ""Al-Urdun"" in arabo."	7462638	"Jordanië wordt ""Al-Urdun"" genoemd in het Arabisch."
2675292	Lei mi ha dato una camicia.	2675296	Zij heeft mij een shirt gegeven.
1002602	In un minuto ci sono sessanta secondi.	874448	Een minuut is zestig seconden.
2006193	Tu sei la cosa migliore che mi sia mai capitata.	1818113	Jij bent het beste wat me ooit overkomen is.
6604582	Chi mi accompagna a vedere un concerto stasera?	12052000	Wie gaat er met me mee naar een concert vanavond?
1254545	Domani si parte.	9022239	Morgen gaan we weg.
1721932	Quella canzone mi suona familiare.	836068	Dat liedje klinkt mij bekend in de oren.
4383741	La neve si scioglie.	7914789	De sneeuw smelt.
5380184	Tom ti aspetterà.	7549068	Tom zal op je wachten.
5444191	Tom si rade ogni mattina.	8449112	Tom scheert zich iedere morgen.
2676781	Come si sentiva ieri?	2676801	Hoe voelde zij zich gisteren?
3351446	Dove si trova un telefono pubblico?	8560237	Waar is een openbare telefoon?
2495754	Non succederà nulla fino alle 2:30.	4084063	Tot twee uur dertig zal er niets gebeuren.
4598	Non c'è nessuna soluzione.	844535	Er is geen oplossing.
945444	Non c'era nessuno nella stanza.	7814810	Er was niemand in de kamer.
2681647	Tu non hai fatto nulla di male.	7949537	Je hebt niets verkeerd gedaan.
379747	Non capisco per niente il tedesco.	2823285	Ik begrijp absoluut niets van Duits.
1541505	Sono convinta che non ha fatto niente di male.	7833804	Ik ben er zeker van, dat hij niets verkeerds gedaan heeft.
4593	Non mi aspetto niente da te.	950822	Ik verwacht niets van jou.
3553498	Non mi aspetto nulla da lei.	5538811	Ik verwacht niets van u.
2610456	Tom non ha mangiato niente ieri.	2247275	Tom heeft gisteren niets gegeten.
3421910	Io non ho niente da fare.	3532150	Ik heb niets te doen.
1177724	Tom non aveva nulla da aggiungere.	9333884	Tom had er niets aan toe te voegen.
10584738	Non è successo nulla finora.	12159355	Tot nog toe is er niets gebeurd.
7308152	Non farò nulla di stupido.	9736316	Ik zal niets doms doen.
6164578	A Tom non piace per nulla il poker.	11944678	Tom houdt helemaal niet van poker.
2681646	Non hai fatto nulla di male.	7949537	Je hebt niets verkeerd gedaan.
2838244	Io non so niente riguardo a Linux.	2657411	Ik weet niets over Linux.
10869804	Non so quasi niente su di lui.	10869817	Ik weet bijna niets over hem.
4247679	Tom non ha per nulla fame.	9085085	Tom heeft helemaal geen honger.
1541506	Sono convinto che non ha fatto nulla di male.	7833804	Ik ben er zeker van, dat hij niets verkeerds gedaan heeft.
2415665	Io non dirò a nessuno di Tom.	12137863	Ik zal niemand over Tom vertellen.
2610457	Tom non ha mangiato nulla ieri.	2247275	Tom heeft gisteren niets gegeten.
2585080	Non ci abita nessuno in questa casa.	664368	Er woont niemand in dit huis.
3421909	Non ho niente da fare.	3532150	Ik heb niets te doen.
7308151	Non farò niente di stupido.	9736317	Ik zal niets stoms doen.
2681645	Tu non hai fatto niente di male.	7949537	Je hebt niets verkeerd gedaan.
2495755	Non succederà niente fino alle 2:30.	4084063	Tot twee uur dertig zal er niets gebeuren.
1062163	Non sono ricco e non desidero esserlo.	8589172	Ik ben niet rijk en wil dat ook niet zijn.
945445	Non c'era nessuno nella camera.	7814810	Er was niemand in de kamer.
1899958	Non c'è nessuna risposta per la sua domanda.	3744629	Er is geen antwoord op uw vraag.
8392561	Non voglio nulla per Natale.	9525974	Ik wil niets voor Kerstmis.
7308152	Non farò nulla di stupido.	9736317	Ik zal niets stoms doen.
3282575	L'unica cosa che impariamo dalla storia è che non impariamo nulla dalla storia.	4263095	Het enige dat we van de geschiedenis leren, is dat we niets van de geschiedenis leren.
4207861	Io non conoscevo per nulla quella donna.	413289	Ik kende die vrouw helemaal niet.
750414	Non voglio vedere nessuno oggi.	450649	Vandaag wil ik niemand zien.
3282576	L'unica cosa che impariamo dalla storia è che non impariamo niente dalla storia.	4263095	Het enige dat we van de geschiedenis leren, is dat we niets van de geschiedenis leren.
4207860	Non conoscevo per nulla quella donna.	413289	Ik kende die vrouw helemaal niet.
4207858	Non conoscevo per niente quella donna.	413289	Ik kende die vrouw helemaal niet.
2838247	Io non so nulla riguardo a Linux.	2657411	Ik weet niets over Linux.
3553504	Io non mi aspetto niente da lei.	5538811	Ik verwacht niets van u.
2838243	Non so niente riguardo a Linux.	2657411	Ik weet niets over Linux.
2495755	Non succederà niente fino alle 2:30.	4435440	Tot half drie zal er niets gebeuren.
10869805	Non so quasi nulla su di lui.	10869817	Ik weet bijna niets over hem.
5598941	Non sono ricco e non voglio esserlo.	8589172	Ik ben niet rijk en wil dat ook niet zijn.
10584737	Non è successo niente finora.	12159355	Tot nog toe is er niets gebeurd.
7308151	Non farò niente di stupido.	9736316	Ik zal niets doms doen.
2809124	Non posso giocare a questo gioco. Non mi piace.	6066300	Ik kan dit spel niet spelen. Ik hou er niet van.
2495754	Non succederà nulla fino alle 2:30.	4435440	Tot half drie zal er niets gebeuren.
8392560	Non voglio niente per Natale.	9525974	Ik wil niets voor Kerstmis.
1217342	Tom non ha nulla da perdere.	8453869	Tom heeft niets te verliezen.
2415664	Non dirò a nessuno di Tom.	12137863	Ik zal niemand over Tom vertellen.
3535089	Non conosci nessuno qui.	8437829	Je kent hier niemand.
6849636	Non capisco per nulla il francese.	8341538	Ik begrijp helemaal niets van Frans.
3553499	Io non mi aspetto nulla da lei.	5538811	Ik verwacht niets van u.
3535090	Tu non conosci nessuno qui.	8437829	Je kent hier niemand.
6849633	Non capisco per niente il francese.	8341538	Ik begrijp helemaal niets van Frans.
1177725	Tom non aveva niente da aggiungere.	9333884	Tom had er niets aan toe te voegen.
4207859	Io non conoscevo per niente quella donna.	413289	Ik kende die vrouw helemaal niet.
4247678	Tom non ha per niente fame.	9085085	Tom heeft helemaal geen honger.
1079431	Non c'è niente che possiamo fare.	8540282	Daar is niets aan te doen.
6164577	A Tom non piace per niente il poker.	11944678	Tom houdt helemaal niet van poker.
5610853	Se non fosse stato per l'iPhone, non sarei riuscito ad imparare il giapponese.	12496570	Zonder de iPhone had ik nooit Japans kunnen leren.
1860308	Io non so per niente come giocare a golf.	4640653	Ik weet überhaupt niet hoe je golf speelt.
5209430	Non c'è nessuno dentro.	10018926	Er is niemand binnen.
389643	Non c'è niente di prezioso come l'amore.	389854	Er is niets zo waardevol als de liefde.
691447	Jingle Bells, la nota canzone del periodo natalizio, in realtà non è una canzone di Natale. Il testo non dice nulla riguardo il Natale.	4916166	„Jingle Bells”, het bekende kerstlied, heeft in werkelijkheid niets met Kerstmis te maken. In de tekst is er geen enkele verwijzing naar het kerstfeest.
3088056	Io non posso abbracciare Taninna. Non mi ama più.	3606645	Ik kan Taninna niet omhelzen. Ze houdt niet meer van me.
350588	Non ho niente a che fare con ciò.	605386	Ik heb er niets mee te maken.
389683	Non c'è niente di più prezioso dell'amore.	389853	Er is niets waardevoller dan de liefde.
2809163	Non ha niente di caldo da bere?	6066322	Heb je iets warms te drinken?
1752154	Qualunque cosa accada, non dirò niente a nessuno.	1916573	Wat er ook gebeurt, ik zal er niemand iets over vertellen.
389763	Apprendiamo per esperienza che gli uomini non apprendono mai niente per esperienza.	394914	We leren uit ervaring dat mensen nooit iets leren uit ervaring.
3614806	Non sei per niente stupido.	3615282	Je bent helemaal niet dom.
679264	Non li ho visti da nessuna parte.	4269569	Ik heb ze nergens gezien.
350397	Non fece niente di male.	580253	Hij heeft niets slechts gedaan.
1329776	Non c'è nessun dubbio.	7897987	Er is geen twijfel.
963948	Le mie novità non sono importanti per quelli che non si interessano di sport.	916248	Mijn nieuws is niet belangrijk voor diegenen, die zich niet interesseren voor sport.
8012366	Perché non c'è nessuno qui?	8438783	Waarom is er niemand hier?
2687382	Non aspettavo nessun regalo.	2687385	Ik heb geen kado verwacht.
6063296	Non ho mai visto nessuno morire.	6080392	Ik heb nog nooit iemand zien sterven.
1246849	A causa della densa nebbia non si vedeva nessun uomo.	2811790	Door de dichte mist, was er geen mens te zien.
2687382	Non aspettavo nessun regalo.	4945941	Ik had geen geschenk verwacht.
367967	Non mangio né carne, né pesce, niente frutti di mare, né brodo di origine animale.	367974	Ik eet geen vlees, geen vis en geen zeevruchten, en ook geen vleesbouillon.
426486	Non c'è nessuno seduto qui.	646290	Niemand zit hier.
624898	Lui non beve e non fuma.	1307936	Hij rookt noch drinkt.
4316651	Tu non sai niente di me.	3702050	Je weet niets over mij.
8562336	Non voglio vedere nessuno morire.	12326273	Ik wil niemand zien sterven.
422348	So che pensi di avere capito quello che pensavi che avessi detto, ma non sono sicuro che tu abbia realizzato che quello che hai inteso non è quello che volevo dire.	422946	Ik weet dat je denkt dat je hebt begrepen wat je dacht dat ik gezegd heb, maar ik weet niet zeker of je je wel gerealiseerd hebt dat wat jij gehoord hebt niet is wat ik bedoelde.
3364153	Non c'è nessuno qui.	6275048	Er is niemand hier.
727003	L'utente non è il proprietario di questi dati salvati. Non sarà possibile salvare i progressi di gioco. I trofei verranno disattivati.	727006	Je bent geen eigenaar van dit opslagbestand. Je kunt je voortgang niet opslaan. Trofeeën zijn niet beschikbaar.
634702	Non ci manca nulla per essere felici.	1065774	Er ontbreekt ons niets om gelukkig te zijn.
508215	Il passato può solo essere conosciuto, non cambiato. Il futuro può essere solo cambiato, non conosciuto.	2920629	Het verleden kan men kennen, maar niet veranderen. De toekomst kan men veranderen, maar niet kennen.
1167344	Non c'è nessun nuovo sole.	3064451	Er is geen nieuwe zon.
1535323	Non c'è niente da temere.	12130640	Er valt niets te vrezen.
3479336	Se non sei in grado di ridere di quello che fai, allora è meglio che non lo fai.	7934647	Als je niet kunt lachen om wat je doet, dan kun je het beter niet doen.
4737499	Lo straniero non sapeva per niente il giapponese.	1521811	De buitenlander kende helemaal geen Japans.
1113261	Tom non capisce per niente il francese.	4350127	Tom begrijpt helemaal niets van Frans.
1237473	A parte le carote, non c'è nulla che non mangi.	2226280	Behalve wortelen is er niets dat hij niet eet.
2728982	Noi abbiamo guardato il cielo, ma non abbiamo visto nessuna stella.	4219890	We keken naar de hemel maar konden geen sterren zien.
1758348	Non sembra per niente buono.	3236176	Dat ziet er helemaal niet goed uit.
5953693	Se non hai niente da dire, non parlare.	8210865	Als je niets te zeggen hebt, zeg dan niets.
3544527	"Non mentire non significa necessariamente ""di' la verità""."	11853712	"Lieg niet betekent niet noodzakelijk ""zeg de waarheid""."
1824340	Felice compleanno, signorina Aiba!	7867869	Hartelijk gefeliciteerd met uw verjaardag, juffrouw Aiba!
1280442	Lei ha perso la sua borsetta.	3372138	Ze heeft haar handtas verloren.
1280443	Perse la sua borsetta.	3372138	Ze heeft haar handtas verloren.
409649	Quanto è la popolazione di questa cittadina?	9164175	Hoeveel inwoners heeft deze stad?
1280445	Lei perse la sua borsetta.	3372138	Ze heeft haar handtas verloren.
1280441	Ha perso la sua borsetta.	3372138	Ze heeft haar handtas verloren.
1824339	Buon compleanno, signorina Aiba!	7867869	Hartelijk gefeliciteerd met uw verjaardag, juffrouw Aiba!
3540719	Il ragazzino è allo zoo.	4493319	Het jongetje is in de dierentuin.
6569577	Tom vuole un modellino di treno per Natale.	9502715	Tom wil een modeltrein voor kerst.
7755165	Tom mangiò un altro orsetto gommoso.	7753471	Tom at nog een gummibeer.
5923039	La signorina Smith insegna inglese in questa scuola.	8425173	Mevrouw Smith geeft Engels op deze school.
1160411	Quel laghetto è profondo tre metri.	1011256	Deze vijver is drie meter diep.
6703034	Tom è ancora un ragazzino.	6275152	Tom is nog een kind.
6871496	Lui può prendere il mio motorino per qualche giorno.	11477039	Hij mag een paar dagen mijn brommer lenen.
1741365	Il cane attaccò il ragazzino.	664797	De hond viel het jongetje aan.
2858196	A me manca la mia sorellina.	3353113	Ik mis mijn kleine zus.
6569577	Tom vuole un modellino di treno per Natale.	9502712	Tom wil een modeltrein voor Kerstmis.
5020082	Dov'è il mio orsetto?	9778843	Waar is mijn beertje?
384897	È molto carina.	377908	Ze is erg knap.
3361717	Dov'è la macchina?	12173901	Waar is de auto?
3322079	Voi lo conoscete Tom?	7901040	Kennen jullie Tom?
6822626	Io mi sento febbricitante.	9554431	Ik voel me koortsig.
1300771	Solitamente mi alzo alle sei.	462201	Ik sta gewoonlijk op om 6 uur.
7419001	Mio fratello lo utilizza.	7499869	Mijn broer gebruikt het.
4729050	Lei preferisce le arance rosse.	4729196	Ze verkiest bloedappelsienen.
3801698	Tu sei la fidanzata di Tom?	7555257	Ben jij Toms vriendin?
7874163	Tom ti ha detto che cosa comprare?	11086888	Heeft Tom je gezegd wat je moet kopen?
2676683	Prima le donne e i bambini!	2330617	Vrouwen en kinderen eerst!
1307802	Qual è la mia?	8982873	Welke is de mijne?
4586790	Io ho visto la casa di Marcus.	8969625	Ik heb Marcus' huis gezien.
1494511	Finalmente ho la mia propria auto.	8272273	Ik heb eindelijk mijn eigen auto.
4989987	Io conosco tutte le mie vicine.	4979697	Ik ken al mijn buren.
3110092	È la nostra casa.	6622929	Dat is ons huis.
5570580	Sono delusa che la mia amica non sia qui.	8316744	Ik ben teleurgesteld dat mijn vriendin hier niet is.
3678135	Vuole conoscere la verità.	9033968	Hij wil de waarheid weten.
3655348	Loro stanno lottando per la libertà.	1479962	Ze vechten voor vrijheid.
2415637	La tecnologia dei razzi è migliorata durante la Seconda Guerra Mondiale.	9779836	De rakettechnologie verbeterde tijdens de Tweede Wereldoorlog.
3956306	Questo audiolibro vale la pena di essere ascoltato.	8457852	Het loont de moeite dat audioboek te beluisteren.
6559673	Io amo le lingue turciche.	9444831	Ik hou van Turkse talen.
5224843	I bambini amano le torte.	4270608	Kinderen houden veel van koeken.
836321	Si è sposata con Tom lo scorso mese.	3643010	De vorige maand is ze met Tom gehuwd.
2516874	Solamente mia madre mi capisce veramente.	822020	Alleen mijn moeder begrijpt me echt.
1659491	Penso che la storia sia vera.	1478280	Ik denk dat het verhaal waar is.
2565212	Conosco la vedova di Tom.	6875820	Ik ken de weduwe van Tom.
4488838	Io voglio che Tom conosca la verità.	9424011	Ik wil dat Tom de waarheid weet.
1253986	Tom negò la voce.	4221815	Tom ontkende het gerucht.
1718968	Posso toccarmi facilmente le dita dei piedi.	459908	Ik kan makkelijk mijn tenen aanraken.
6443802	Mary è la tua ragazza?	7555223	Is Maria jouw vriendin?
4484716	Detesto la politica.	1400354	Ik haat politiek.
2998244	Tom ha rotto apposta la finestra.	3706494	Tom heeft het venster opzettelijk gebroken.
2773751	Sono arrivata a Kobe verso le due e mezza.	8496098	Ik ben rond half drie in Kobe aangekomen.
1246365	Ha curato la mia malattia.	8657438	Hij genas mijn ziekte.
375462	Non mi piace l'estate.	535290	Ik houd niet van de zomer.
1281042	Non guardare la TV.	821133	Kijk geen televisie.
2001858	Io non ti ho mai vista.	7949412	Ik heb je nooit gezien.
7530476	Si ruppe la caviglia.	9593065	Hij brak zijn enkel.
2215167	Però noi lo chiamiamo Tony a casa.	9715017	Maar thuis noemen we hem Tony.
4118938	Voi come lo sapete?	9677031	Hoe weten jullie dat?
3163835	Era seduto in biblioteca quando lo vidi.	4270606	Toen ik hem zag, zat hij in de bibliotheek.
1461867	È la mia vita.	9038218	Het is mijn leven!
4564541	Io preferisco la fantascienza.	1622415	Sciencefiction bevalt me meer.
1645723	Qualcuno mi ha rubato tutti i soldi.	4936066	Iemand heeft al mijn geld gestolen.
7874129	Tu ti senti al sicuro in Australia?	8584404	Voel je je veilig in Australië?
2459067	Io lo conosco da più di dieci anni.	4089669	Ik ken hem al meer dan tien jaar.
3157173	Non mi fido dei politici.	8442981	Ik vertrouw politici niet.
3229772	Lui non mi ama più.	8132550	Hij houdt niet meer van me.
4982633	Io amo la poesia.	7428231	Ik hou van poëzie.
1876918	Sono le tre e mezza.	3626838	Het is half vier.
4843992	Perché ci sono delle stelle in cielo?	3600473	Waarom zijn er sterren aan de hemel?
6860931	Quelle sono le macchine dei nostri insegnanti.	12743433	Dat zijn de auto's van onze leraren.
4524620	Hai pitturato le pareti.	3611852	Je hebt de muren geverfd.
5073153	Lei mi porta le notizie.	7934839	Ze brengt me het nieuws.
4890948	Non mi fido più di nessuno.	4926881	Ik vertrouw niemand meer.
623184	Amo le lasagne.	378783	Ik hou van lasagne.
3140674	La temperatura è scesa sotto lo zero stamattina.	3657499	Deze morgen is de temperatuur onder nul gezakt.
4649447	Lei ha perso le sue chiavi della macchina.	3218732	Ze is de autosleutels verloren.
4465189	Vedo la corona.	4249534	Ik zie de kroon.
3381713	Lei ha gli occhi blu.	473335	Ze heeft blauwe ogen.
7074651	Libera gli schiavi!	7800808	Bevrijd de slaven!
928771	Dove andremo dopo la morte?	4653254	Waar gaan we heen na de dood?
1515951	Era ora che lo facesse!	4548965	Het was hoog tijd dat hij dat deed!
962035	In realtà la zuppa era troppo salata.	3661741	In werkelijkheid was de soep te zout.
633790	Ha girato la chiave.	4599691	Hij draaide de sleutel om.
4885998	È la calma prima della tempesta.	3689760	Dat is de stilte voor de storm.
607767	La Bibbia ci dice di amare i nostri vicini e anche di amare i nostri nemici; probabilmente perché generalmente sono le stesse persone.	422331	De Bijbel draagt ons op om onze naasten én onze vijanden lief te hebben; waarschijnlijk omdat dat in het algemeen dezelfde personen zijn.
791102	In ogni caso, non mi piace.	1866526	Hoe dan ook, dit bevalt me niet.
3385616	In inverno, le foglie secche svolazzano per aria.	2244313	In de winter vliegen de droge bladeren in de lucht rond.
6217125	"Domani mattina faremo le prove per lo ""Schiaccianoci"", e la sera balleremo ""Il lago dei cigni""."	11001851	Morgen vroeg gaan we de „Notenkraker” herhalen en 's avonds dansen we „Het Zwanenmeer”.
381924	E nessuno ti ha aiutato?	448607	En niemand heeft je geholpen?
4266458	Cosa ti motiva?	9259752	Wat motiveert je?
1200979	Le sue idee non gli hanno mai reso una lira.	473329	Zijn ideeën hebben hem nooit een cent opgebracht.
702851	Non voglio più sentire le tue lamentele.	4275717	Ik wil je gejammer niet meer horen.
3544256	Questa è la vostra camera da letto.	8622890	Dit is jullie slaapkamer.
2615566	Nel mezzo del cammin di nostra vita mi ritrovai per una selva oscura, ché la diritta via era smarrita.	11023495	In het midden van ons levenspad gekomen, kwam ik tot bezinning in een donker bos, want ik had niet de rechte weg genomen.
2519285	Lui studia la storia americana.	848907	Hij studeert Amerikaanse geschiedenis.
1267954	Non ho chiuso occhio la scorsa notte.	7963720	Ik heb vannacht geen oog dichtgedaan.
10694359	Mary ha le ciglia lunghe.	5340400	Maria heeft lange wimpers.
388030	L'inferno sono gli altri.	827146	De hel, dat zijn de anderen.
3787018	La luna si trova dietro le nuvole.	4169926	De maan zit achter de wolken.
506018	Dov'è la banca?	1046394	Waar is de bank?
416612	Cosa devo fare ora che mi sono registrato?	416915	Wat moet ik doen, nu ik me aangemeld heb?
2131106	A me piace la vostra città.	2131102	Ik hou van uw stad.
4711086	Hanno passato la notte insieme.	4713413	Ze brachten de nacht samen door.
2802603	Atene è la capitale della Grecia.	7463161	Athene is de hoofdstad van Griekenland.
1518493	Se Dio lo vuole...	7693829	Als God het wil...
698677	Questo romanzo mi annoia.	4927312	Deze roman verveelt me.
6328810	Qual è la password del Wi-Fi?	7459547	Wat is het wifi-wachtwoord?
700514	Pensi sia lui il tizio che ha rotto la finestra?	822053	Denk je dat hij de vent is die het raam heeft gebroken?
1345904	Che tipo di sport ti piace?	2805924	Welk type sport vind je leuk?
685728	Ho perso l'orologio che mi ha regalato mio padre.	3655549	Ik heb het horloge verloren dat mijn vader mij gegeven heeft.
7806306	Il mio piatto spagnolo preferito è la paella.	9331887	Mijn Spaanse lievelingsgerecht is paella.
716062	Ci sono persone a cui non piacciono gli spinaci.	7975665	Er zijn mensen die niet van spinazie houden.
11640737	Aiuta te stesso e Dio ti aiuterà.	8933042	Help jezelf en God zal je helpen.
1857339	Andiamo a comprare le fragole.	12065881	Laten we aardbeien gaan halen.
6216952	L'ho aiutato a pulire la vasca da bagno.	11550733	Ik hielp hem het bad schoon te maken.
3035930	La Sicilia e la Sardegna sono isole italiane.	7906735	Sicilië en Sardinië zijn Italiaanse eilanden.
2219535	Quando la neve si scioglie, diventa acqua.	11158387	Wanneer de sneeuw smelt, wordt het water.
4643901	A novembre si raccolgono le olive dagli alberi per produrre olio.	4644456	In november oogst men de olijven van de bomen om er olie van te maken.
7903133	Ha detto che lo farà presto.	9758623	Hij zei dat hij dat straks zal doen.
4981374	Funzionerà la prossima volta.	4740059	Het zal volgende keer werken.
2706885	Io mi chiamo Roberto.	8934311	Mijn naam is Roberto.
3758640	Queste sono le regole.	7814639	Dit zijn de regels.
2950460	Pensi che potresti farcela per le 9:30?	12527345	Denk je dat je het haalt tegen 9:30?
383006	Non lo conosciamo.	1132413	We kennen hem niet.
2687937	Non ti è piaciuta la colazione oggi?	2687945	Vond je het ontbijt vandaag niet lekker?
392585	Prima i giovani mi chiedevano di disegnargli una pecora, ora vogliono che gli insegni a fare un commit. I tempi cambiano.	392637	Vroeger vroegen de kleintjes me een schaap voor ze te tekenen, nu willen ze dat ik ze leer hoe je een commit doet. Tijden veranderen.
4938449	Mi piace il vino, la poesia e una certa ironia.	4943537	Ik hou van wijn, poëzie, en een beetje ironie.
2551413	Noi non ci conosciamo neanche.	11568334	We kennen elkaar niet eens.
481642	Conoscerete la verità, un giorno.	679018	Eens zult ge de waarheid te weten komen.
3122647	Napoli è la città più grande nell'Italia meridionale.	11561911	Napels is de grootste stad in het zuiden van Italië.
2677883	Ciò che loro mi hanno detto non è vero.	2677887	Wat ze tegen mij hebben gezegd is niet waar.
836562	Gli piacciono le arance.	861699	Hij houdt van appelsienen.
2862883	Bisogna scegliere bene le parole chiave.	4511224	Je moet de trefwoorden precies kiezen.
11656754	Sono le due.	3550549	Het is twee uur.
836216	Voglio visitare la Corea.	1532537	Ik wil Korea bezoeken.
11640732	Aiuta te stesso e Dio ti aiuterà!	11640723	Help jezelf en God zal je helpen!
2228646	Tom teme che la polizia voglia arrestarlo.	3248558	Tom vreest dat de politie hem wil aanhouden.
8251101	Tom ha paura di dire la verità.	11554729	Tom is bang om de waarheid te vertellen.
4740868	Il bingo è qualcosa a cui giocano le nonne.	4299253	Bingo is iets voor oma's.
12748725	Non ho visto nessuno al parco.	12748879	Ik heb niemand in het park gezien.
12748726	Non c'è niente di cui preoccuparsi.	12748880	Er is niets waarover je je zorgen hoeft te maken.
12748727	Non ho nessun dubbio sulla sua innocenza.	12748881	Ik heb geen twijfel over zijn onschuld.
12748728	Non voglio nessun regalo per il mio compleanno.	12748882	Ik wil geen cadeau voor mijn verjaardag.
12748729	Non ho incontrato nessuna persona interessante alla festa.	12748883	Ik heb geen interessante mensen op het feest ontmoet.
12748730	Non è vero che non hai studiato.	12748884	Het klopt niet dat je niet hebt gestudeerd.
12748731	Non posso dire di non essere felice.	12748885	Ik kan niet zeggen dat ik niet gelukkig ben.
12748732	Non è che non mi piaccia il cioccolato, ma non ne voglio ora.	12748886	Het is niet zo dat ik chocolade niet leuk vind, maar ik wil het nu niet.
12748733	Non è possibile che non sia qui.	12748887	Het is niet mogelijk dat hij hier niet is.
12748734	Non ho mai incontrato nessuno come te.	12748888	Ik heb nog nooit iemand zoals jou ontmoet.
12748735	Non è vero che non puoi farcela.	12748889	Het klopt niet dat je het niet kunt redden.
12748736	Non c'è nulla di più bello di un tramonto sul mare.	12748890	Er is niets mooier dan een zonsondergang boven de zee.
12748737	Non è che non voglia aiutarti, ma ho le mani legate.	12748891	Het is niet zo dat ik je niet wil helpen, maar ik heb mijn handen gebonden.
12748738	Non ho ricevuto nessuna chiamata da parte sua.	12748892	Ik heb geen telefoontje van hem ontvangen.
12748739	Non è possibile che non abbia capito.	12748893	Het is niet mogelijk dat hij het niet heeft begrepen.
12748725	Non ho visto nessuno al parco.	12748879	Ik heb niemand in het park gezien.
12748726	Non c'è niente di cui preoccuparsi.	12748894	Er is niets om je zorgen over te maken.
12748740	Non voglio nessun altro dolce.	12748895	Ik wil geen ander dessert.
12748741	Non ho nessun interesse in quel libro.	12748896	Ik heb geen interesse in dat boek.
12748742	Ho un gattino.	12748897	Ik heb een katje.
12748743	La casa è piccolina.	12748898	Het huis is klein.
12748744	Ho comprato una bottiglietta d'acqua.	12748899	Ik heb een klein flesje water gekocht.
12748745	Quel cane è un cagnolino adorabile.	12748900	Die hond is een schattig hondje.
12748746	La torta è deliziosa, ma ne ho mangiata solo una fettina.	12748901	De taart is heerlijk, maar ik heb alleen een klein stukje gegeten.
12748747	Il mio amico ha un nuovo lavoretto.	12748902	Mijn vriend heeft een nieuwe deeltijdbaan.
12748748	La pioggia è leggera, quasi una pioggerellina.	12748903	De regen is zacht, bijna een motregen.
12748749	La mia nuova casa è un po' più grandina della precedente.	12748904	Mijn nieuwe huis is iets groter dan het vorige.
12748750	La mia auto ha un bel motorino.	12748905	Mijn auto heeft een mooie, krachtige motor.
12748751	La torta è enorme, una tortona!	12748906	De taart is enorm, een gigantische taart!
12748752	Il bambino ha una vocina dolce.	12748907	Het kind heeft een zoete, zachte stem.
12748753	La mia sorella ha un nuovo fidanzatino.	12748908	Mijn zus heeft een nieuwe vriendje.
12748754	La mia bici è una biciclettina da città.	12748909	Mijn fiets is een kleine stadsfiets.
12748755	Quel uomo è un gigante, un omone!	12748910	Die man is een reus, een grote kerel!
12748756	Ho una nuova tazza, una tazzina da espresso.	12748911	Ik heb een nieuwe mok, een klein espressokopje.
12748757	La mia città è una piccola perla, una cittadina incantevole.	12748912	Mijn stad is een klein pareltje, een charmante kleine stad.
12748758	Ho incontrato una vecchietta molto saggia.	12748913	Ik heb een oude, wijze vrouw ontmoet.
12748759	Il mio amico ha comprato un cagnolino, un vero batuffolo di pelo.	12748914	Mijn vriend heeft een hondje gekocht, een echte pluizige bol.
12748760	La torta è deliziosa, una vera tortina da favola.	12748915	De taart is heerlijk, een echt sprookjesachtig taartje.
12748761	La pioggia ha creato un laghetto nel cortile.	12748916	De regen heeft een klein meer in de tuin gecreëerd.
12748762	La mia nuova borsa è una borsetta elegante.	12748917	Mijn nieuwe tas is een elegante handtas.
12748763	Il bambino ha costruito un castellino di sabbia.	12748918	Het kind heeft een klein zandkasteel gebouwd.
12748764	La torta è enorme, una tortona da record!	12748919	De taart is gigantisch, een recordbrekende taart!
12748765	Il mio giardino è un piccolo paradiso, un giardinetto fiorito.	12748920	Mijn tuin is een klein paradijs, een bloeiend tuintje.
12748766	La mia mamma prepara deliziosi biscottini.	12748921	Mijn moeder bakt heerlijke koekjes.
12748767	La nebbia è fitta, quasi una nebbiona.	12748922	De mist is dicht, bijna een dichte nevel.
12748768	Il mio gatto ha un musetto carino.	12748923	Mijn kat heeft een schattig snoetje.
12748769	Ho incontrato una gentile signorina.	12748924	Ik heb een vriendelijke jonge dame ontmoet.
12748770	Il mio amico ha una nuova macchinina.	12748925	Mijn vriend heeft een nieuwe kleine auto.
12748771	Ho una piccola ferita, una feritina superficiale.	12748926	Ik heb een klein wondje, een oppervlakkige snee.
12748742	Ho un gattino.	12748897	Ik heb een katje.
12748744	Ho comprato una bottiglietta d'acqua.	12748899	Ik heb een klein flesje water gekocht.
12748772	La mia macchina è una macchinina sportiva.	12748927	Mijn auto is een klein sportief autootje.
12748773	La nonna prepara dei biscottini deliziosi.	12748928	Oma maakt heerlijke koekjes.
12748774	Il cagnolino abbaia al postino.	12748929	Het hondje blaft naar de postbode.
12748775	Ho una sorellina.	12748930	Ik heb een zusje.
12748776	Il mio amico ha comprato una casetta al mare.	12748931	Mijn vriend heeft een klein huisje aan zee gekocht.
12748777	La ragazza è molto carina.	12748932	Het meisje is erg schattig.
12748778	Ho trovato una monetina per terra.	12748933	Ik vond een klein muntje op de grond.
12748779	La mia borsa è una borsetta elegante.	12748934	Mijn tas is een elegante handtas.
12748744	Ho comprato una bottiglietta d'acqua.	12748899	Ik heb een klein flesje water gekocht.
12748745	Quel cane è un cagnolino adorabile.	12748900	Die hond is een schattig hondje.
12748780	La torta è deliziosa, ne vorrei un'altra fettina.	12748935	De taart is heerlijk, ik zou graag nog een klein stukje hebben.
12748776	Il mio amico ha comprato una casetta al mare.	12748931	Mijn vriend heeft een klein huisje aan zee gekocht.
12748781	La nonna mi ha dato un dolcetto.	12748936	Oma gaf me een klein gebakje.
12748782	La ragazza ha un vestitino carino.	12748937	Het meisje draagt een schattig jurkje.
12748783	Ho trovato un soldino per terra.	12748933	Ik vond een klein muntje op de grond.
12748784	La mia borsa è una borsettina elegante.	12748938	Mijn tas is een elegante, kleine handtas.
12748763	Il bambino ha costruito un castellino di sabbia.	12748939	Het kind bouwde een klein zandkasteel.
12748785	La pioggia ha lasciato poche goccioline sul vetro.	12748940	De regen liet een paar kleine druppels op het raam achter.
12748786	Il cuoco ha preparato un delizioso tortino al cioccolato.	12748941	De kok bereidde een heerlijke, kleine chocoladetaart.
12748787	Il cane ha portato un bastoncino.	12748942	De hond bracht een klein stokje.
12748744	Ho comprato una bottiglietta d'acqua.	12748899	Ik heb een klein flesje water gekocht.
12748745	Quel cane è un cagnolino adorabile.	12748900	Die hond is een schattig hondje.
12748780	La torta è deliziosa, ne vorrei un'altra fettina.	12748935	De taart is heerlijk, ik zou graag nog een klein stukje hebben.
12748788	La mia nonna mi chiamava sempre 'bimbetto'.	12748943	Mijn oma noemde me altijd 'kleine jongen'.
12748748	La pioggia è leggera, quasi una pioggerellina.	12748903	De regen is zacht, bijna een motregen.
12748789	La mia amica ha un nuovo cucciolino.	12748944	Mijn vriendin heeft een nieuw puppytje.
12748784	La mia borsa è una borsettina elegante.	12748934	Mijn tas is een elegante handtas.
12748790	Il gatto fa le fusa come un trenino.	12748945	De kat snurkt als een treintje.
12748791	La mia stanza è un po' disordinatina.	12748946	Mijn kamer is een beetje rommelig.
12748792	Ho incontrato un vecchietto saggio.	12748947	Ik ontmoette een wijze oude man.
12748744	Ho comprato una bottiglietta d'acqua.	12748899	Ik heb een klein flesje water gekocht.
12748745	Quel cane è un cagnolino adorabile.	12748900	Die hond is een schattig hondje.
12748780	La torta è deliziosa, ne vorrei un'altra fettina.	12748935	De taart is heerlijk, ik zou graag nog een klein stukje hebben.
12748788	La mia nonna mi chiamava sempre 'bimbetto'.	12748943	Mijn oma noemde me altijd 'kleine jongen'.
12748793	Ho visto un uccellino sul ramo.	12748948	Ik zag een vogeltje op de tak.
12748784	La mia borsa è una borsettina elegante.	12748938	Mijn tas is een elegante, kleine handtas.
12748794	Quel film è un capolavorone.	12748949	Die film is een meesterwerk.
12748795	La mia amica ha un vestitino carino.	12748950	Mijn vriendin heeft een schattig jurkje.
12748796	Ho trovato un monetina per terra.	12748933	Ik vond een klein muntje op de grond.
12748744	Ho comprato una bottiglietta d'acqua.	12748899	Ik heb een klein flesje water gekocht.
12748745	Quel cane è un cagnolino adorabile.	12748900	Die hond is een schattig hondje.
12748780	La torta è deliziosa, ne vorrei un'altra fettina.	12748935	De taart is heerlijk, ik zou graag nog een klein stukje hebben.
12748776	Il mio amico ha comprato una casetta al mare.	12748931	Mijn vriend heeft een klein huisje aan zee gekocht.
12748797	La nonna ha preparato dei biscottini fatti in casa.	12748951	Oma heeft zelfgemaakte koekjes gebakken.
12748798	La ragazza ha un vestitino molto carino.	12748952	Het meisje draagt een heel schattig jurkje.
12748799	Il bambino ha costruito un castello di sabbietta.	12748918	Het kind heeft een klein zandkasteel gebouwd.
12748800	La pasticceria ha dei dolcetti deliziosi.	12748953	De bakkerij heeft heerlijke kleine gebakjes.
12748744	Ho comprato una bottiglietta d'acqua.	12748899	Ik heb een klein flesje water gekocht.
12748745	Quel cane è un cagnolino adorabile.	12748900	Die hond is een schattig hondje.
12748780	La torta è deliziosa, ne vorrei un'altra fettina.	12748935	De taart is heerlijk, ik zou graag nog een klein stukje hebben.
12748776	Il mio amico ha comprato una casetta al mare.	12748931	Mijn vriend heeft een klein huisje aan zee gekocht.
12748797	La nonna ha preparato dei biscottini fatti in casa.	12748951	Oma heeft zelfgemaakte koekjes gebakken.
12748798	La ragazza ha un vestitino molto carino.	12748952	Het meisje draagt een heel schattig jurkje.
12748763	Il bambino ha costruito un castellino di sabbia.	12748918	Het kind heeft een klein zandkasteel gebouwd.
12748784	La mia borsa è una borsettina elegante.	12748938	Mijn tas is een elegante, kleine handtas.
12748801	Il cuoco ha preparato un piattino speciale per il bambino.	12748954	De kok heeft een speciaal gerechtje voor het kind gemaakt.
12748802	Il mio gatto fa le fusa come un trenino.	12748955	Mijn kat snurkt als een treintje.
12748803	Il negozio è pieno di oggettini interessanti.	12748956	De winkel is vol met interessante kleine voorwerpen.
12748744	Ho comprato una bottiglietta d'acqua.	12748899	Ik heb een klein flesje water gekocht.
12748745	Quel cane è un cagnolino adorabile.	12748900	Die hond is een schattig hondje.
12748780	La torta è deliziosa, ne vorrei un'altra fettina.	12748935	De taart is heerlijk, ik zou graag nog een klein stukje hebben.
12748776	Il mio amico ha comprato una casetta al mare.	12748931	Mijn vriend heeft een klein huisje aan zee gekocht.
12748797	La nonna ha preparato dei biscottini fatti in casa.	12748951	Oma heeft zelfgemaakte koekjes gebakken.
12748798	La ragazza ha un vestitino molto carino.	12748952	Het meisje draagt een heel schattig jurkje.
12748763	Il bambino ha costruito un castellino di sabbia.	12748918	Het kind heeft een klein zandkasteel gebouwd.
12748784	La mia borsa è una borsettina elegante.	12748938	Mijn tas is een elegante, kleine handtas.
12748801	Il cuoco ha preparato un piattino speciale per il bambino.	12748954	De kok heeft een speciaal gerechtje voor het kind gemaakt.
12748802	Il mio gatto fa le fusa come un trenino.	12748955	Mijn kat snurkt als een treintje.
12748803	Il negozio è pieno di oggettini interessanti.	12748956	De winkel is vol met interessante kleine voorwerpen.
2685781	Le visite di mia nonna sono sempre speciali.	2685792	De bezoeken van mijn oma zijn altijd bijzonder.
4741909	Loro proveranno.	8775728	Zij zullen proberen.
4043300	Questo è top secret.	7963943	Dit is uiterst geheim.
425822	Non c'è una nuvola in cielo.	783456	Er is geen enkele wolk aan de hemel.
375008	Il Giappone è un paese insulare.	741329	Japan is een land van eilanden.
1539221	Dove sono i miei orologi?	7548945	Waar zijn mijn horloges?
373413	Ci sono dei buoni ristoranti qui intorno?	951681	Zijn er hier in de omgeving goede restaurants?
392519	Che Dio salvi la regina.	1621784	God bescherme de koningin.
5340184	Qual è la differenza più grande?	6018796	Wat is het grootste verschil?
4060616	"Grazie per avermi aiutato. ""Non c'è di che."""	693298	"Bedankt voor de hulp. ""Geen dank."""
12071590	Sono vicino ad un ristorante rumeno.	12071599	Ik ben in de buurt van een Roemeens restaurant.
934416	Il professor Jones andrà in pensione l'anno prossimo.	414368	Professor Jones zal komend jaar met pensioen gaan.
1516671	È un lama?	9714999	Is het een lama?
3557867	Tom ha appena finito di cenare.	3632486	Tom had net zijn avondeten op.
1989015	La ragazza è solitaria.	4620237	Het meisje is eenzaam.
2352173	Era chiaro cosa intendeva fare.	7416908	Het was duidelijk wat hij wilde doen.
5529776	Non molto lontano da qui c'era un grande stagno.	12781969	Er was een grote vijver in de buurt.
6487786	Tom ha il mio indirizzo e-mail.	7811985	Tom heeft mijn e-mailadres.
4733702	Chi sono gli incapaci in questa situazione?	6043997	Wie zijn de onbekwame in deze situatie?
905708	Questo libro è davvero vecchio.	769565	Dat boek is echt oud.
8377555	Odio le feste di compleanno.	9364636	Ik haat verjaardagsfeestjes.
701135	Quello che ha detto non è vero.	701139	Wat hij zei, is niet waar.
6276817	Non gli ho creduto.	11888232	Ik geloofde hem niet.
9934328	Il ghepardo è l'animale più veloce del mondo.	10019704	Het jachtluipaard is het snelste dier ter wereld.
3548112	Bucarest è la capitale della Romania.	7463171	Boekarest is de hoofdstad van Roemenië.
4394	Non è possibile.	7997135	Dat is niet mogelijk!
350624	È introverso.	397068	Hij is introvert.
806707	Sono interessato alla fotografia.	4460370	Ik interesseer me voor fotografie.
1335437	Quanto si dà di mancia in Spagna?	3524116	Hoeveel fooi geef je in Spanje?
3533126	Non sono molto paziente.	9609809	Ik ben niet erg geduldig.
1820739	La fermata dell'autobus è dall'altro lato della strada.	699822	De bushalte is aan de overkant van de straat.
4766553	Tom è qui a causa mia.	9623423	Tom is hier vanwege mij.
11491792	L'inglese è la lingua internazionale.	11491797	Engels is de internationale taal.
1152812	Sono completamente a vostra disposizione.	3236179	Ik ben helemaal tot uw dienst.
5164751	Che lingue parlano in Belgio?	863716	Welke talen spreekt men in België?
2193185	Ieri mi sei mancato molto.	4516530	Ik heb je gister heel erg gemist.
4000492	Non è normale?	10892291	Is dat niet normaal?
1152808	Il sangue scorre nelle vene.	3124619	Bloed vloeit in de aderen.
7133368	Firenze è una bella città.	7154185	Florence is een mooie stad.
7254274	Tom è una leggenda vivente.	11045731	Tom is een levende legende.
2801253	Molti scienziati lavorano con i numeri.	2824577	Veel wetenschappers werken met getallen.
672279	Non ho potuto dormire tutta la notte.	672277	Ik kon de hele nacht niet slapen.
6396518	Tom era sempre più confuso.	8490124	Tom raakte steeds meer in de war.
2535691	Non voglio questo.	6889695	Ik wil deze niet.
4475439	Chi, io?	4476575	Wie, ik?
376624	Torna presto.	377875	Kom snel terug.
814066	Ho smesso di fumare.	418780	Ik ben gestopt met roken.
626427	In circa due settimane.	735790	Over een week of twee.
985105	Oggi è il mio compleanno.	11771800	Vandaag is het mijn verjaardag.
5627079	Tom compra.	9259643	Tom koopt.
693223	L'unione fa la forza.	437119	Eendracht maakt macht.
1576143	È un albino.	4450441	Hij is een albino.
12733788	Ogni traduzione è imprecisa, ogni traduzione è libera.	12733800	Elke vertaling is onnauwkeurig, elke vertaling is vrij.
2695297	Il mio nome è Jisung.	9092192	Mijn naam is Jisung.
3021793	La fame è il miglior condimento.	664518	Honger is de beste saus.
8444215	Ho eliminato l'app.	8444210	Ik heb de app verwijderd.
1330903	Vuoi giocare a calcio con noi?	3164903	Wil je met ons voetbal spelen?
8383015	Odia mangiare da solo.	9038233	Hij haat het om alleen te eten.
8732572	Mary è tua cugina, vero?	11158102	Maria is je nicht, niet?
1074898	Allah è grande!	8001076	Allah is groot!
376172	Dove sei?	397102	Waar ben je?
411716	A che ora ti svegli di solito?	1076154	Hoe laat staat ge gewoonlijk op?
475700	Non c'è più sale.	1920153	Er is geen zout meer.
2742561	Le Hawaii sono una località turistica popolare.	6597926	Hawaï is een populaire toeristische bestemming.
753305	Roma è la capitale del mondo.	753315	Rome is de hoofdstad van de wereld.
373931	Dov'è il libro?	561075	Waar is het boek?
2458076	Abbiamo avuto una divergenza di opinioni.	11058473	We hadden een meningsverschil.
6162730	I bambini amano Halloween.	7365214	Kinderen houden van Halloween.
3306633	Gioca bene a tennis.	675044	Hij speelt goed tennis.
916311	Amiamo il caffè.	8836076	We houden van koffie.
380655	Non sono un dottore, ma un insegnante.	697120	Ik ben geen dokter, maar leraar.
4247232	Tom non è armato.	9275003	Tom is ongewapend.
5906319	Mi presi cura del suo gatto.	11048044	Ik zorgde voor haar kat.
2560197	Le lezioni sono finite.	7125812	De lessen zijn voorbij.
11808082	Aprii il frigorifero.	11808085	Ik heb de koelkast geopend.
1136230	Questo è suicidio!	8774634	Het is zelfmoord!
2244130	La gente a Taiwan lavora duramente.	1544710	De mensen in Taiwan werken hard.
6320555	Sami ha preparato del caffè.	7527363	Sami heeft koffie gemaakt.
6890142	Durante i viaggi di solito tengo un diario.	8106841	Normaal hou ik een dagboek bij als ik op reis ga.
2685587	Questa è la vista dalla sua stanza.	2685604	Dit is het uitzicht vanuit haar kamer.
12128966	Non nuotate lontano!	12128972	Zwem niet ver!
5295148	Questo paese ha un clima mite.	7481309	Dit land heeft een mild klimaat.
3838856	Tom non è un santo.	4671813	Tom is geen heilige.
3175945	Da dove partono gli autobus per l'aeroporto?	377825	Waarvandaan vertrekken de bussen naar het vliegveld?
2728490	Il suo piano è pericoloso!	4284212	Haar plan is gevaarlijk.
2955409	Quasi tutti quelli che conosco vogliono andare al concerto di domani.	3800168	Bijna iedereen die ik ken wil het concert van morgen bijwonen.
5997204	Lui ha lasciato il motore acceso.	7960475	Hij liet de motor aanstaan.
3850272	È innocente.	2513068	Hij is onschuldig.
5486814	Dove sono le fragole?	6826326	Waar zijn de aardbeien?
5473605	Io e Tom condividiamo una stanza.	9484709	Tom en ik delen een kamer.
6004581	La maggior parte del lavoro è già stata fatta.	11086883	Het meeste werk is al gedaan.
4178977	La maggior parte dei negozi erano chiusi.	2753194	De meeste winkels waren gesloten.
3854423	Tom è estremamente tollerante.	10061880	Tom is extreem tolerant.
791273	Berlino è una città tedesca.	1532609	Berlijn is een Duitse stad.
1003704	Dove sei stato la settimana scorsa?	604935	Waar was je in het laatste weekeinde?
1088010	Natasha è un nome russo.	2098143	Natasja is een Russische naam.
384499	È ricco, non ha bisogno di soldi!	4273954	Hij is rijk. Hij heeft geen geld nodig.
6996425	Tom è timido?	9252150	Is Tom verlegen?
2175231	Non posso permettermi di comprare un'auto costosa.	2792718	Ik kan mij niet veroorloven een dure auto te kopen.
3867748	Tom ha litigato con Mary riguardo ai soldi.	5026895	Tom ruziede met Mary over geld.
3121451	Balliamo?	8228667	Zullen we dansen?
2190517	Tom sta sognando.	4193599	Tom is aan het dromen.
10473406	Tom gioca a squash?	12579133	Speelt Tom squash?
6063199	Il nuovo piano funzionò bene.	706753	Het nieuwe plan werkte prima.
11526805	Il magistrato ha preso la sua decisione.	11526840	De magistraat nam zijn beslissing.
5756204	La polizia lo arrestò.	9593746	De politie arresteerde hem.
935993	Le persone al di sotto dei 18 anni non possono sposarsi.	4749850	Personen onder de achttien jaar mogen niet trouwen.
3307383	Ho saltato una riga durante la lettura.	4587433	Ik heb bij het lezen een regel overgeslagen.
3569958	Ha dato una mela a Tom.	3621658	Zij gaf Tom een appel.
3313961	Marie non ha avuto degli incubi.	11567001	Maria had geen nachtmerries.
719199	Mangi carne?	3493016	Eet je vlees?
1014686	L'uomo primitivo migrò in tutte le parti del mondo.	4228484	De oermens zwierf uit naar alle delen van de wereld.
2470391	Questa carta igienica sembra carta vetrata.	4210212	Dat toiletpapier voelt als schuurpapier aan.
4722436	La Città del Vaticano, con i suoi 0,44 km², è lo Stato più piccolo del mondo.	1400399	Vaticaanstad is met 0,44 vierkante kilometer 's werelds kleinste staat.
1603212	Posso mangiare?	10547733	Mag ik eten?
2731285	Dobbiamo prendere una decisione circa la realizzazione del progetto.	2731269	We moeten een knoop doorhakken over de implementatie van het project.
2427181	Quello non è sicuro.	1928052	Dat is niet veilig.
373885	Non ho molti soldi.	377834	Ik heb niet veel geld.
3300991	Lord Ashburton aveva una moglie americana.	3376235	Lord Ashburton had een Amerikaanse vrouw.
1301449	Il mio orologio perde due minuti al giorno.	5265932	Mijn horloge loopt iedere dag twee minuten achter.
2178198	Okinawa è l'isola più a sud del Giappone.	8539701	Okinawa is het meest zuidelijk gelegen eiland van Japan.
382173	Uno, due, tre, quattro, cinque, sei, sette, otto, nove, dieci.	382287	Een, twee, drie, vier, vijf, zes, zeven, acht, negen, tien.
7314866	Tom è il perfetto capro espiatorio.	12269768	Tom is de perfecte zondebok.
2588051	L'acqua del rubinetto è pericolosa.	7699064	Kraanwater is gevaarlijk.
4537203	La maggior parte degli studenti si stanno preparando per gli esami finali.	6671596	De meeste studenten bereiden zich voor voor de eindexamens.
6636264	Hanno perso tutto.	9259889	Zij hebben alles verloren.
4510272	Il ristorante è chiuso.	7694858	Het restaurant is gesloten.
419007	Sbadigliamo quando siamo a corto di ossigeno.	6131515	We gapen wanneer we een tekort aan zuurstof hebben.
119812	Ciao, Tom.	857984	Hallo, Tom.
876675	L'abuso infantile è contrario alla legge.	8729827	Kindermisbruik is illegaal.
375609	Bob è popolare a scuola.	445819	Bob is geliefd op school.
3041983	Il lago è profondo?	4755875	Is het meer diep?
967677	Ascoltiamo un po' di musica.	8997112	Laten we wat muziek luisteren.
376538	Mio zio abita vicino alla scuola.	633692	Mijn oom woont in de buurt van de school.
3901366	L'erba è verde.	7913829	Het gras is groen.
425872	Gli ho prestato un CD.	731583	Ik heb hem een cd geleend.
497666	Devo prendere la medicina ogni sei ore.	2712312	Ik moet om de zes uur mijn medicament innemen.
1137915	Sono arrivate delle lettere per me?	4473260	Zijn er brieven voor mij aangekomen?
3834815	Tom è arrogante.	7902644	Tom is arrogant.
5486274	Chi ha inventato il karaoke?	9554436	Wie heeft karaoke uitgevonden?
727010	Lui è povero ma onesto.	849001	Hij is arm, maar eerlijk.
931767	Più veloce, più alto, più forte.	775064	Sneller, hoger, sterker.
3388011	Passarono molti anni.	1474924	Vele jaren gingen voorbij.
1946302	Questo non è argento.	7681070	Dit is geen zilver.
428065	Sei il mio migliore amico.	605229	Je bent mijn beste vriend.
6779426	Tom ha una prenotazione in questo hotel.	9267623	Tom heeft een reservering bij dit hotel.
511139	Non ho tempo per te.	753067	Ik heb geen tijd voor jou.
1458202	Dov'è l'entrata?	702081	Waar is de ingang?
3132125	Oggi è lunedì?	7814604	Is het vandaag maandag?
8235444	Alle ragazze sembra piacere Tom.	11875401	Meiden lijken Tom leuk te vinden.
506016	C'è dello zucchero?	11210817	Is er suiker?
3577663	Penso che dovresti andartene adesso.	3610018	Ik denk dat je nu beter gaat.
2357267	Sembra davvero difficile!	2358352	Het ziet er heel moeilijk uit!
980897	Non ci sono errori nella tua composizione.	417284	Er staan geen fouten in je opstel.
8447934	Abito in Germania e lavoro in Lussemburgo.	8466733	Ik woon in Duitsland en ik werk in Luxemburg.
3532498	Cosa stiamo facendo qui?	9476502	Wat doen we hier?
1606111	Il mal di schiena di Mary la stava torturando.	846666	Mary's rugpijn martelde haar.
6856549	Cosa succede la prossima volta?	11521940	Wat gebeurt er de volgende keer?
1513079	Il pomodoro è frutta o verdura?	7759338	Is de tomaat een vrucht of een groente?
2916905	Prendiamo una scorciatoia.	7207046	Laten we een kortere weg nemen!
374554	Non parla né il tedesco né il francese.	3511888	Hij spreekt noch Duits noch Frans.
4208740	La Germania è uno Stato federale.	7812012	Duitsland is een federale staat.
845723	L'uomo degno di compassione ha il cuore infranto.	418584	De arme man heeft een gebroken hart.
3100895	Ci sono molti parchi a Boston.	9669241	Er zijn veel parken in Boston.
620728	Vorrei fare due domande.	632556	Ik zou twee vragen willen stellen.
6913164	Tom è già arrivato a Boston.	3037069	Tom is al in Boston aangekomen.
5564445	Tom ha mangiato qualcosa.	7154006	Tom heeft iets gegeten.
1820921	Quante stelle ci sono nella nostra galassia?	6610559	Hoeveel sterren zijn er in ons melkwegstelsel?
3107258	Caravaggio è un famosissimo pittore.	3108811	Caravaggio is een erg beroemde schilder.
382902	Buon compleanno, Muiriel!	377843	Gefeliciteerd met je verjaardag, Muiriel!
662812	Hai capito quello che lui ha detto?	662699	Heb jij begrepen wat hij zei?
1516974	Io conosco la verità.	3641133	Ik ken de waarheid.
5100742	Seul è la capitale della Corea del Sud.	7463246	Seoul is de hoofdstad van Zuid-Korea.
3530683	C'è un messaggio per te.	3626035	Hier is een bericht voor jou.
1087242	Tom è uno scheletro umano.	8303424	Tom is een menselijk skelet.
3235535	Mary è nevrotica.	1497232	Mary is neurotisch.
6444442	Tom è arrivato a casa tardi.	8744246	Tom is laat thuis aangekomen.
1113164	Tom non parla francese.	6838420	Tom spreekt geen Frans.
1794174	Finirò il lavoro in una settimana, cioè il 5 maggio.	4757455	Ik zal dat werk over een week klaar hebben, dus op 5 mei.
1566122	Lui si ubriacò molto.	859749	Hij werd erg dronken.
1068247	È contro la legge portare con sé armi.	11875402	Het is tegen de wet om wapens te dragen.
3661156	È vero che Tom sta uscendo con una ragazza giapponese?	3552759	Is het waar dat Tom uitgaat met een Japans meisje?
4693405	Non era molto romantico.	8572444	Dat was niet erg romantisch.
1490013	Vieni a fare shopping?	12346017	Wil je meekomen om boodschappen te doen?
1547464	Dov'è il Mississippi?	1547465	Waar is Mississippi?
714025	A questo libro mancano due pagine.	379670	Er ontbreken twee bladzijdes uit dit boek.
624853	L'oro è più pesante dell'argento.	642557	Goud is zwaarder dan zilver.
4643588	Non vedo vie d'uscita.	4640461	Ik zie geen enkele uitweg!
4663	Il film è cominciato alle 2.	7799502	De film begon om 2 uur.
4289378	Com'è imbarazzante!	10817266	Hoe beschamend is dat!
1337328	Ha fratelli?	695307	Heeft hij broers?
615182	Un bambino che si è scottato ha paura del fuoco.	402658	Een verbrand kind is bang voor het vuur.
6533935	Tom ha ancora bisogno di aiuto?	8074236	Heeft Tom nog hulp nodig?
4934192	Se riesce a leggere questa frase, allora è in grado di leggere.	6105328	Als je deze zin kunt lezen, dan ben je in staat om te lezen.
3544231	Mary è estremamente attraente.	11882286	Maria is super aantrekkelijk.
4811188	Tom ha costruito tre case.	8445179	Tom heeft drie huizen gebouwd.
3049908	Come stanno i tuoi genitori?	6008584	Hoe gaat het met je ouders?
4281171	Non so dove siano.	1079805	Ik weet niet waar ze zijn.
6685230	Il cane ha fame.	12757455	De hond heeft honger.
1253866	Hai dieci anni?	4627653	Ben je tien jaar?
1505084	La colazione è servita dalle 7 alle 9.	3371381	U kan ontbijten tussen zeven en negen uur.
2515113	È triste ma vero.	11046855	Triest, maar waar!
2750653	Come hai preso la decisione?	2750656	Hoe heb je de beslissing gemaakt?
4083335	Il cavallo è nero.	3990439	Het paard is zwart.
373702	Ho trovato questo ristorante per caso.	378788	Ik kwam dat restaurant toevallig tegen.
883444	Ho chiesto a Tom di aprire la finestra.	821402	Ik vroeg Tom het raam te openen.
375247	Questo è il Giappone.	377316	Dit is Japan.
3951280	Il gatto ha miagolato.	3959213	De kat miauwde.
2244123	Taiwan non fa parte della Cina.	2251385	Taiwan is geen deel van China.
3269737	In una guerra ideologica sono le persone che vengono uccise.	11201192	In een ideologische oorlog zijn het de mensen die worden gedood.
3344821	In Italia non si può fumare sui treni.	3763063	In Italië mag in de trein niet worden gerookt.
4828791	Tom è caduto nell'acqua.	9085119	Tom viel het water in.
1540860	Dopo la domenica viene il lunedì.	904196	Na zondag komt maandag.
9711995	Non può avere paura di fallire.	9712001	U kunt niet bang zijn om te falen.
2428129	Quel bambino ha pochi amici.	3266496	Dat kind heeft maar een paar vrienden.
9526494	Viviamo in una società.	9001589	We leven in een maatschappij.
1253814	Quello è un vecchio castello.	7462075	Dat is een oud kasteel.
1268568	La Turchia è l'erede dell'Impero Ottomano.	12194858	Turkije is de erfgenaam van het Ottomaanse Rijk.
1792079	Ha mangiato insetti e ragni.	1792213	Hij at insecten en spinnen.
5624229	Ti ho detto che sarebbe stato noioso.	10662519	Ik zei je dat dit vervelend zou worden.
1535407	Stai bene?	3323888	Gaat het goed met je?
3929778	Dove si trova un ristorante halal?	7694895	Waar is een halal restaurant?
4505	Per un momento ho pensato che fosse impazzito.	7030402	Ik dacht even dat hij gek was geworden.
5217193	Se vieni a Rio, non dimenticare di chiamarmi per essere la tua guida!	5217261	Als je naar Rio komt, vergeet dan niet mij te bellen en te vragen om jouw gids te zijn.
11896494	Tom è in Bielorussia.	11896177	Tom is in Belarus.
1126904	Le piume dei merli sono nere.	10727623	De veren van de merels zijn zwart.
11250478	Questo appartamento non è in vendita.	11594114	Deze flat is niet te koop.
2609631	Tom non può lavorare.	8700850	Tom kan niet werken.
10842040	Non abbiamo carta.	10842042	We hebben geen papier.
5370897	Tom aveva bisogno di riposo.	7726456	Tom had rust nodig.
1607403	Mia nonna si lamenta sempre del freddo.	806745	Mijn grootmoeder klaagt altijd van de kou.
3641422	Lamberto è il nome di una grande catena alberghiera.	3641551	Lamberto is de naam van een grote hotelketen.
7042723	Urano è simile a Nettuno.	9870492	Uranus lijkt op Neptunus.
521084	La mia canzone preferita è Hungry Spider.	9085076	Hungry Spider is mijn favoriete liedje.
3256845	Il castello è aperto oggi?	4807285	Is het kasteel vandaag open?
2612556	Tom è un ingegnere.	11285835	Tom is ingenieur.
4408235	Il gatto sta dormendo su una sedia.	4541321	De kat slaapt op een stoel.
2594417	Dovresti prendere delle lezioni di nuoto.	5340284	Je zou eens zwemles moeten nemen.
2206777	Tom gioca a hockey.	3661725	Tom hockeyt.
2403477	Tom non ha maniere.	976756	Tom heeft geen manieren.
2553677	Non mi odi.	578553	Haat me niet!
5740023	Il silenzio è opprimente.	11522001	De stilte is benauwend.
3503479	Tom dorme ancora.	10040780	Tom slaapt nog.
2611635	Tom non è andato a Boston.	8291795	Tom ging niet naar Boston.
693034	Normalmente andiamo a scuola a piedi.	4624625	Normaal lopen we naar school.
1525138	Nuotare è un buon esercizio.	9253474	Zwemmen is een goede oefening.
2685951	Vi porto subito il conto.	2685958	Ik zal uw afrekening dadelijk brengen.
6669670	Perché Tom sta piangendo?	7804397	Waarom huilt Tom?
12406481	Maja Keuc è una cantante slovena.	12406461	Maja Keuc is een Sloveense zangeres.
5898548	Quello è il mio caffè?	7886001	Is dat mijn koffie?
2960811	Che brutto film!	3804277	Wat een slechte film!
3323729	È morto qualcuno.	7135519	Er is iemand gestorven.
4512234	Il tempo era delizioso.	6097967	Het weer was heerlijk.
7158368	Quanti mesi ci sono in un anno?	8537943	Hoeveel maanden gaan er in een jaar?
5822428	Tom è pragmatico.	7958401	Tom is een pragmaticus.
380511	Occhio per occhio, dente per dente.	688463	Oog om oog, tand om tand.
9084011	È qui ogni giorno, vero?	12769876	Ze is hier elke dag, niet?
4452258	Ogni spettatore compra un biglietto.	4452260	Iedere toeschouwer koopt een kaartje.
2915652	Eccolo lì.	1063030	Daar is hij.
1343993	Mio figlio crede a Babbo Natale.	445804	Mijn zoon gelooft in de Kerstman.
2742680	Tom è con l'FBI.	7354229	Tom is bij het FBI.
8703270	È la persona in carica, vero?	12120805	Zij is toch de leidinggevende?
3830589	Tom compra del pane.	8996996	Tom koopt brood.
610289	Dimmi dove vive.	858080	Zeg me waar ze woont.
2132836	Il cavallo è nero?	8537926	Is het paard zwart?
1276371	Potreste aiutarci dopo la scuola?	5458882	Zouden jullie ons kunnen helpen na school?
6063300	Odio i procioni.	6080397	Ik haat wasberen.
376629	Abbiamo trovato una tartaruga in giardino.	7825036	We vonden een schildpad in de tuin.
4210345	Tom pagherà tutto.	5179921	Tom betaalt alles.
527172	Tutti i musei della mia città si trovano in centro.	527174	Alle musea in mijn stad bevinden zich in het centrum.
2887411	A proposito, ho qualcosa da dirti.	858000	Trouwens, ik heb je iets te vertellen.
591755	Sono sposata e ho due figli.	825292	Ik ben gehuwd en heb twee zonen.
2983601	Noi siamo marito e moglie.	3980902	We zijn man en vrouw.
1012816	Tornerà il 25 gennaio.	1012815	Op 25 januari zal hij terugkomen.
5352190	Tom sa perché.	7804152	Tom weet waarom.
7810734	Tom affronta un dilemma.	8324856	Tom staat voor een dilemma.
375276	La nave scomparve oltre l'orizzonte.	6086709	Het schip verdween achter de horizon.
10058694	Ha l'immunità.	9033725	Hij heeft immuniteit.
358300	Ecciù!	1371635	Hatsjie!
2618301	Tom è speciale.	9377856	Tom is speciaal.
5098636	Tom pensava che Mary conoscesse John.	7929199	Tom dacht dat Mary John kende.
3548089	Astana è la capitale del Kazakistan.	7463158	Astana is de hoofdstad van Kazachstan.
3067437	Cosa intendi esattamente?	3068519	Wat bedoel je precies?
2189776	Dove vuoi mangiare?	1995441	Waar wil je eten?
2554670	Sto sanguinando.	3704694	Ik ben aan het bloeden.
3956458	Tom è l'ex di Mary.	3970172	Tom is de ex van Mary.
2687784	L'acqua bolle a cento gradi.	9843371	Water kookt bij honderd graden.
4387698	Come sono state costruite le piramidi?	7462352	Hoe werden de piramides gebouwd?
493611	Sono un traduttore.	8101411	Ik ben een vertaler.
4776973	Le ragazze sono timide.	9252157	De meisjes zijn verlegen.
9964928	Cadde dal suo pony.	12159359	Ze viel van haar pony.
538894	Javier diventò rosso.	7770013	Javier werd rood.
3607262	L'inferno è lastricato di buone intenzioni.	6451926	De hel is geplaveid met goede bedoelingen.
1130916	Le persone creative tendono a porre le domande migliori e ottengono quindi le risposte migliori.	1255305	Creatieve mensen zijn geneigd de beste vragen te stellen, en zo bekomen ze de beste antwoorden.
3633800	Le rane hanno paura dei serpenti.	413641	Kikkers zijn bang voor slangen.
428070	Auckland è una città della Nuova Zelanda.	3164037	Auckland is een stad in Nieuw-Zeeland.
978338	Si scusò per averla offesa.	1071592	Hij excuseerde zich omdat hij haar beledigd had.
3508198	A Tom piacciono i pomodori?	5140101	Houdt Tom van tomaten?
6473730	Vivevo vicino a un parco.	5461192	Ik woonde nabij een park.
2689396	Questo succedeva spesso in autunno.	2689709	Dit gebeurde vaak in de herfst.
374488	Il lavoro deve essere finito per domani.	379512	Morgen moet het werk af zijn.
3929071	Hai spento il fornello?	2358370	Heb je het fornuis uitgezet?
2190446	Tom è preoccupato.	8434149	Tom maakt zich zorgen.
663085	Lavoro in una banca.	663095	Ik werk bij een bank.
4834500	Questa mattina ho visto nascere una farfalla.	8974548	Vanochtend heb ik de geboorte van een vlinder gezien.
8303144	Non ha mangiato la sua insalata.	8303203	Ze heeft haar salade niet opgegeten.
5704194	Vincent van Gogh era un pittore olandese.	4914787	Vincent van Gogh was een Nederlandse schilder.
5346727	Buono a sapersi.	3429038	Dat is goed om te weten.
822096	Mia sorella è bella.	822094	Mijn zus is mooi.
2978950	La guerra cominciò tre anni più tardi.	1966669	De oorlog begon drie jaar later.
425876	Quel cappello ti sta bene.	3215340	Deze hoed staat je goed.
3222494	Il rosa è per le ragazze.	4224366	Roze is voor meisjes.
374684	La nostra scuola ha ottant'anni.	784190	Onze school is 80 jaar oud.
3638553	È sempre così?	5733939	Is het altijd zo?
629444	Non è un cantante, ma un attore.	3153381	Hij is geen zanger, maar een acteur.
4522387	Buongiorno, signora.	3438323	Dag mevrouw.
2685509	È pronto l'aereo.	2685514	Het vliegtuig is gereed.
3242327	Ci ho passato le serate più belle della mia vita!	11817354	Ik heb er de beste avonden van mijn leven doorgebracht!
4730323	Questo caffè è davvero forte.	7192420	Deze koffie is erg sterk.
3251287	Il mio colore preferito è il viola.	7769373	Mijn lievelingskleur is paars.
2797656	Francesca aiuta Paolo.	7799027	Francesca helpt Paolo.
3368301	È un errore di battitura. Spiacente.	1021283	Het is een tikfout. Sorry.
3471690	Tom ama l'Australia.	7926545	Tom houdt van Australië.
4984195	A mio padre piace il caffè forte.	759831	Mijn vader heeft graag sterke koffie.
631593	Abbiamo insistito sulla sua importanza.	12572833	We stonden op zijn belangrijkheid.
6036242	Non parlo fluentemente il francese.	11666231	Ik spreek geen vloeiend Frans.
8919289	Ho quattro pronipoti.	11580453	Ik heb vier achterkleinkinderen.
2190729	Tom è in pensione.	9274947	Tom is met pensioen.
5712690	Tom non lavora più.	8934662	Tom werkt niet meer.
373967	Dobbiamo seguire il suo esempio.	780163	We zouden zijn voorbeeld moeten volgen.
380908	Studi chimica?	377999	Studeer je scheikunde?
928155	Vedo lacrime nei tuoi occhi.	383593	Ik zie tranen in je ogen.
7453708	Voglio sposarmi, solo non con te.	8091411	Ik wil trouwen, alleen niet met jou.
5170824	Mio padre non disse niente.	5171568	Mijn vader zegt niks.
6449528	Non è visibile ad occhio nudo.	6449227	Het is onzichtbaar voor het blote oog.
3928521	Tom non sembra occupato.	8579923	Tom lijkt het niet druk te hebben.
3140479	L'albero è malato.	7557482	De boom is ziek.
884295	Questa è la fine del mio racconto.	1022968	Dit is het eind van mijn verhaal.
2132963	Questa è l'Italia.	7812027	Dit is Italië.
3883872	"L'Etiopia si chiama ""Ityop'ia"" in amarico."	7462630	"Ethiopië wordt ""Ityop'ia"" genoemd in het Amhaars."
2400876	Tom è pratico.	7546813	Tom is praktisch.
3379786	Questa è la mia amica giapponese.	3379806	Dat is mijn Japanse vriendin.
6673205	Neymar è brasiliano.	6673594	Neymar is Braziliaans.
878726	Buongiorno a tutti.	387591	Goeiemorgen allemaal.
417519	Io sono un gatto. Non ho ancora un nome.	640091	Ik ben een kat. Ik heb nog geen naam.
5629204	So cosa farei.	6622890	Ik weet wat ik zou doen.
3860647	Tom sta raccogliendo dei fiori.	9190890	Tom plukt bloemen.
702871	Voglio qualcosa da mangiare.	704224	Ik wil iets om te eten.
2213750	Era il mio turno di pulire la stanza.	4308871	Het was mijn beurt om de kamer schoon te maken.
1440791	Io non faccio colazione.	3944091	Ik neem geen ontbijt.
1000933	Le balene si nutrono di plankton e piccoli pesci.	664475	Walvissen voeden zich met plankton en kleine vissen.
4569181	Tom ha promesso.	7499605	Tom heeft het beloofd.
689572	I bambini imitano i loro amici piuttosto che i loro genitori.	414536	Kinderen doen eerder hun vrienden dan hun ouders na.
425488	Il ragazzo mi ha fatto credere che era troppo malato per andare a scuola.	3166427	De jongen deed me geloven dat hij te ziek was om naar school te gaan.
5475109	Tom ha molti debiti.	5810824	Tom heeft heel veel schulden.
2302340	Mark Zuckerberg è ateo, non credente.	3175324	Mark Zuckerberg is atheïst, niet gelovig.
8033351	Mary è autistica.	8358675	Maria is autistisch.
889999	Gli hindù e i musulmani sono tutti fratelli.	7318752	Hindoes en moslims zijn allemaal gebroeders.
1993892	Sta piovendo a catinelle stasera.	704986	Het regent pijpestelen vanavond.
5590355	Ho mandato una mail a Tom.	7811971	Ik stuurde een e-mail naar Tom.
4503017	La tua scrittura è orribile.	11735916	Je handschrift is verschrikkelijk.
2365398	Questa macchina è facile da gestire.	8537800	Deze machine is eenvoudig te bedienen.
7596197	Vado a insegnare in Galles.	9763816	Ik ga lesgeven in Wales.
1512425	Ecco perché siamo qui.	4620475	Daarom zijn wij hier.
10875994	Andiamo a mangiare qualcosa?	11181025	Zullen we gaan eten?
11199326	Il vaso è caduto dal tavolo.	11199759	De vaas viel van de tafel.
3591981	Il vino viene prodotto a partire dall'uva.	2994532	Wijn wordt van druiven gemaakt.
2523767	C'è un'altra opzione.	3616919	Er is nog een ander alternatief.
10696872	La sanguisuga è un parassita.	11481324	De bloedzuiger is een parasiet.
7038931	Qualcuno sta aspettando Tom.	10677355	Er wacht iemand op Tom.
4626851	Che vento!	5476248	Wat een wind!
5512050	Non ti ho mentito.	12426485	Ik heb je niet voorgelogen.
7139055	Sami non è gay.	7323768	Sami is niet gay.
977454	L'Italia è una bella terra.	415056	Italië is een mooi land.
6996412	Tom ha paura?	8230006	Is Tom bang?
839470	Parigi è caduta nel 1940.	8774552	Parijs viel in 1940.
3105797	Tom non è esattamente la mia persona preferita.	10044690	Tom is nou niet echt mijn favoriete persoon.
3222412	Tom è allergico alle ragazze.	7644036	Tom is allergisch voor meisjes.
380445	Tutti ti vogliono conoscere, sei famoso!	687081	Iedereen wil u kennen. Gij zijt beroemd!
7791862	Avete tempo di aiutarci domani?	8124560	Heeft u tijd om ons morgen te helpen?
2551917	Le porte sono aperte.	9072192	De deuren staan ​​open.
378156	Cammina più lentamente.	379362	Loop eens wat langzamer.
6930068	Tom è una persona interessante.	10733294	Tom is een interessant persoon.
859485	Dio lo vuole.	8759468	God wil het.
395190	Per piacere, non interrompermi mentre sto parlando.	445584	Stoor me alsjeblieft niet als ik sta te praten.
7044663	La Germania è composta da sedici Länder.	9226704	Duitsland bestaat uit 16 deelstaten.
1258202	Chi ha fatto questa scatola?	3627061	Wie heeft die doos gemaakt?
3140685	Mayuko entrò nella stanza.	771686	Mayuko kwam de kamer binnen.
2515918	L'America vi ama.	7926537	Amerika houdt van jullie.
1927929	Sentendo la notizia, impallidì.	816134	Toen hij het nieuws hoorde, werd hij bleek.
3383303	Quando mordo, questo dente mi fa male.	4444256	Wanneer ik bijt, doet deze tand pijn.
391177	Le scimmie sono intelligenti.	704077	Apen zijn intelligent.
373961	Entrata libera.	7800785	Gratis toegang.
3433221	La scuola ha una biblioteca?	3442677	Heeft de school een bibliotheek?
3898900	Il libro contiene quindici biografie.	5340346	Het boek bevat vijftien biografieën.
3103744	Io e Mary lavoriamo assieme.	11015096	Maria en ik werken samen.
7219286	Gli orsi vanno in letargo.	9393793	Beren overwinteren.
835537	Lui è un insegnante.	446585	Hij is leraar.
1510854	Il muro è spesso due metri.	883999	De muur is twee meter dik.
999574	Questa è una pura perdita di tempo.	392902	Het is gewoonweg tijdsverspilling.
